--
-- PostgreSQL database dump
--

-- Dumped from database version 15.7 (Debian 15.7-1.pgdg110+1)
-- Dumped by pg_dump version 16.3 (Debian 16.3-1.pgdg110+1)

SET statement_timeout = 0;
SET lock_timeout = 0;
SET idle_in_transaction_session_timeout = 0;
SET client_encoding = 'UTF8';
SET standard_conforming_strings = on;
SELECT pg_catalog.set_config('search_path', '', false);
SET check_function_bodies = false;
SET xmloption = content;
SET client_min_messages = warning;
SET row_security = off;

SET default_tablespace = '';

SET default_table_access_method = heap;

--
-- Name: boards; Type: TABLE; Schema: public; Owner: postgres
--

CREATE TABLE public.boards (
    board_id text NOT NULL,
    flags text,
    dname text,
    created_at timestamp with time zone DEFAULT now() NOT NULL,
    post_qty integer
);


ALTER TABLE public.boards OWNER TO postgres;

--
-- Name: posts; Type: TABLE; Schema: public; Owner: postgres
--

CREATE TABLE public.posts (
    id text NOT NULL,
    file_name text NOT NULL,
    created_at timestamp with time zone DEFAULT now() NOT NULL,
    board text DEFAULT 'main'::text NOT NULL
);


ALTER TABLE public.posts OWNER TO postgres;

--
-- Name: users; Type: TABLE; Schema: public; Owner: postgres
--

CREATE TABLE public.users (
    id text NOT NULL,
    flags text
);


ALTER TABLE public.users OWNER TO postgres;

--
-- Data for Name: boards; Type: TABLE DATA; Schema: public; Owner: postgres
--

COPY public.boards (board_id, flags, dname, created_at, post_qty) FROM stdin;
sex	\N	\N	2023-07-21 23:21:34.0074+02	0
parappa	\N	\N	2023-07-25 11:55:29.773877+02	0
tuna	\N	\N	2024-01-12 01:01:32.268403+01	0
Deion Fay	\N	\N	2023-08-14 03:31:09.948766+02	0
dfjsfm	\N	\N	2023-07-21 20:41:11.626696+02	0
b	\N	\N	2023-07-21 20:43:22.897317+02	0
c	\N	\N	2023-07-21 20:43:24.278279+02	0
ralsei	\N	\N	2023-07-21 20:43:27.121184+02	1
kitty	\N	\N	2023-07-21 19:52:34.315482+02	2
main	\N	\N	2023-07-21 13:33:36.528284+02	87
Sarina Morar	\N	\N	2023-08-14 03:32:08.569958+02	0
maind	\N	\N	2023-07-21 23:21:31.808358+02	0
porn	\N	\N	2023-07-21 23:21:36.505669+02	0
nazi	banned	\N	2023-07-20 13:05:09.287628+02	0
uwu	\N	\N	2023-08-01 18:52:24.286167+02	0
a	\N	\N	2023-07-21 20:43:21.315905+02	0
tumblr	\N	\N	2023-08-01 18:52:41.055994+02	0
niko	\N	\N	2023-07-22 14:51:48.57084+02	0
celeste	\N	\N	2023-08-01 18:52:44.872538+02	0
undefined	\N	\N	2023-12-27 17:06:38.901645+01	0
isopod	\N	\N	2023-07-23 18:46:01.958185+02	0
nya	\N	\N	2023-07-22 14:51:43.071669+02	0
nico	\N	\N	2023-07-22 14:51:46.291916+02	0
deltarune	\N	\N	2023-07-22 14:51:51.86709+02	0
undertale	\N	\N	2023-07-22 14:51:56.098784+02	0
tea	\N	\N	2023-07-27 00:43:39.656893+02	0
Michael	\N	\N	2024-01-12 00:58:58.24885+01	0
wd	\N	\N	2024-01-16 12:33:05.212965+01	0
the rockuyasu	\N	\N	2023-08-23 23:37:44.699181+02	0
bugs	\N	\N	2024-02-21 10:58:41.768723+01	0
Emre Kruger	\N	\N	2023-11-06 18:35:07.27685+01	0
dbnhsf	\N	\N	2023-07-25 11:39:28.333088+02	0
gaysex	\N	\N	2024-01-08 23:20:30.216181+01	0
balls	\N	\N	2024-03-04 23:42:27.401359+01	0
Heather Bednar	\N	\N	2023-11-06 18:36:07.484331+01	0
tony	\N	\N	2023-08-08 00:53:05.560974+02	0
Adrianna Pouros	\N	\N	2023-09-07 03:11:14.4339+02	0
pee	\N	\N	2023-12-27 19:23:41.357734+01	0
all	\N	\N	2023-07-22 12:56:06.348379+02	107
isopods	\N	\N	2023-07-22 14:52:37.187741+02	1
Kristian Lunde	\N	\N	2023-09-07 03:12:21.552253+02	0
The Beatles	\N	\N	2024-01-12 00:58:17.16012+01	0
Jessyca Kub	\N	\N	2023-09-07 03:13:23.442855+02	0
abby	\N	\N	2023-08-01 18:52:36.087189+02	0
Isaac Harber	\N	\N	2023-08-14 03:30:17.241512+02	0
test	\N	\N	2024-01-12 01:00:00.859767+01	0
\.


--
-- Data for Name: posts; Type: TABLE DATA; Schema: public; Owner: postgres
--

COPY public.posts (id, file_name, created_at, board) FROM stdin;
test	test	2023-07-03 14:09:32.31225+02	main
1087133785717485678	image1688649387831-149	2023-07-06 15:16:27.836201+02	main
434447464888795136	image1688649571311-586	2023-07-06 15:19:31.322255+02	main
852616253420077088	image1688650220610-888	2023-07-06 15:30:20.623949+02	main
434447464888795136	image1688651769362-279	2023-07-06 15:56:09.364155+02	main
434447464888795136	image1688652106168-791	2023-07-06 16:01:46.183818+02	main
911763424088817704	image1688652221659-243	2023-07-06 16:03:41.672881+02	main
1087133785717485678	image1688652596864-362	2023-07-06 16:09:56.867177+02	main
434447464888795136	image1688653749925-81	2023-07-06 16:29:09.930567+02	main
761303477640495105	image1688657091034-704	2023-07-06 17:24:51.038704+02	main
905863842469392445	image1688658665312-219	2023-07-06 17:51:05.314924+02	main
905863842469392445	image1688658790708-102	2023-07-06 17:53:10.715348+02	main
911763424088817704	image1688670766176-368	2023-07-06 21:12:46.180366+02	main
905863842469392445	image1688718663086-851	2023-07-07 10:31:03.10479+02	main
1087133785717485678	image1688751744341-106	2023-07-07 19:42:24.34853+02	main
905863842469392445	image1688799759751-344	2023-07-08 09:02:39.757128+02	main
905863842469392445	image1688905085188-622	2023-07-09 14:18:05.207922+02	main
905863842469392445	image1688919664503-894	2023-07-09 18:21:04.508149+02	main
852616253420077088	image1688945130749-819	2023-07-10 01:25:30.753412+02	main
905863842469392445	image1688971381842-657	2023-07-10 08:43:01.848238+02	main
434447464888795136	image1688981258273-849	2023-07-10 11:27:38.28301+02	main
905863842469392445	image1689008276145-84	2023-07-10 18:57:56.151831+02	main
691459355488288788	image1689018740118-914	2023-07-10 21:52:20.121448+02	main
398955534935392259	image1689051100971-707	2023-07-11 06:51:40.991175+02	main
905863842469392445	image1689177265207-44	2023-07-12 17:54:25.241321+02	main
434447464888795136	image1689177333671-901	2023-07-12 17:55:33.678021+02	main
905863842469392445	image1689319186509-403	2023-07-14 09:19:46.527971+02	main
410023421880303626	image1688415105082-858	2023-07-03 22:11:45.082778+02	main
905863842469392445	image1689330357854-143	2023-07-14 12:25:57.861817+02	main
905863842469392445	image1689332652532-363	2023-07-14 13:04:12.537288+02	main
852616253420077088	image1689368947547-414	2023-07-14 23:09:07.555331+02	main
852616253420077088	image1689371909584-612	2023-07-14 23:58:29.586303+02	main
905863842469392445	image1689422574304-758	2023-07-15 14:02:54.314276+02	main
905863842469392445	image1689444211292-468	2023-07-15 20:03:31.300512+02	main
740553834325344289	image1689444251058-550	2023-07-15 20:04:11.064249+02	main
905863842469392445	image1689444581450-990	2023-07-15 20:09:41.464684+02	main
740553834325344289	image1689444838520-855	2023-07-15 20:13:58.523302+02	main
905863842469392445	image1689444976416-693	2023-07-15 20:16:16.423589+02	main
888037406551461892	image1689445146833-826	2023-07-15 20:19:06.843255+02	main
945379369193455698	image1689445244157-284	2023-07-15 20:20:44.16455+02	main
888037406551461892	image1689445273391-826	2023-07-15 20:21:13.396425+02	main
888037406551461892	image1689445406319-322	2023-07-15 20:23:26.32345+02	main
888037406551461892	image1689445546729-803	2023-07-15 20:25:46.734121+02	main
434447464888795136	image1688649239246-641	2023-07-06 15:13:59.256571+02	main
888037406551461892	image1689457587014-887	2023-07-15 23:46:27.018224+02	main
945379369193455698	image1689459756236-965	2023-07-16 00:22:36.258201+02	main
945379369193455698	image1689459946014-876	2023-07-16 00:25:46.018446+02	main
905863842469392445	image1689494576276-183	2023-07-16 10:02:56.279055+02	main
905863842469392445	image1689494742576-124	2023-07-16 10:05:42.582039+02	main
905863842469392445	image1689516651951-471	2023-07-16 16:10:51.970556+02	main
888037406551461892	image1689556704998-779	2023-07-17 03:18:25.009788+02	main
788883916001116231	image1689574608483-271	2023-07-17 08:16:48.52145+02	main
788883916001116231	image1689574970265-1	2023-07-17 08:22:50.302715+02	main
905863842469392445	image1689576246782-900	2023-07-17 08:44:06.789096+02	main
905863842469392445	image1689592528739-66	2023-07-17 13:15:28.757236+02	main
911763424088817704	image1689610526078-402	2023-07-17 18:15:26.086315+02	main
152041181704880128	image1689635087381-204	2023-07-18 01:04:47.384171+02	main
394646170439516170	image1689635272751-720	2023-07-18 01:07:52.754035+02	main
394646170439516170	image1689635603957-367	2023-07-18 01:13:23.960943+02	main
434447464888795136	image1689635786650-862	2023-07-18 01:16:26.710143+02	main
152041181704880128	image1689635865997-994	2023-07-18 01:17:46.069546+02	main
434447464888795136	image1689636074931-404	2023-07-18 01:21:15.021447+02	main
911763424088817704	image1689763497029-454	2023-07-19 12:44:57.040372+02	main
434447464888795136	image-kitty_1689852499729-948	2023-07-20 13:28:19.737883+02	kitty
434447464888795136	image-kitty_1689861150306-378	2023-07-20 15:52:30.400696+02	kitty
905863842469392445	image-ralsei_1689870327212-459	2023-07-20 18:25:27.290577+02	ralsei
911763424088817704	image-isopods_1689883730295-535	2023-07-20 22:08:50.302845+02	isopods
905863842469392445	image-main_1690277992074-895	2023-07-25 11:39:52.08015+02	main
905863842469392445	image-main_1690278857802-450	2023-07-25 11:54:17.813306+02	main
905863842469392445	image-main_1690354838543-123	2023-07-26 09:00:38.55068+02	main
905863842469392445	image-main_1690441241330-12	2023-07-27 09:00:41.334347+02	main
905863842469392445	image-main_1690529370194-557	2023-07-28 09:29:30.201332+02	main
905863842469392445	image-main_1690610493997-652	2023-07-29 08:01:34.01532+02	main
852616253420077088	image-main_1690644450713-946	2023-07-29 17:27:30.718665+02	main
905863842469392445	image-main_1690813619177-250	2023-07-31 16:26:59.180965+02	main
852616253420077088	image-main_1690893283123-671	2023-08-01 14:34:43.129421+02	main
870293454046003220	image-main_1690925155208-93	2023-08-01 23:25:55.215635+02	main
1130860646393712734	image-main_1690925202688-282	2023-08-01 23:26:42.692953+02	main
905863842469392445	image-main_1690956505715-453	2023-08-02 08:08:25.727324+02	main
905863842469392445	image-main_1690975768509-580	2023-08-02 13:29:28.513406+02	main
905863842469392445	image-main_1691052373267-378	2023-08-03 10:46:13.28117+02	main
905863842469392445	image-main_1691150566257-764	2023-08-04 14:02:46.264013+02	main
905863842469392445	image-main_1691219345273-364	2023-08-05 09:09:05.286229+02	main
905863842469392445	image-main_1691252964527-448	2023-08-05 18:29:24.537125+02	main
905863842469392445	image-main_1691306540942-784	2023-08-06 09:22:20.972679+02	main
905863842469392445	image-main_1691649832974-834	2023-08-10 08:43:52.981887+02	main
852616253420077088	image-main_1695324467626-527	2023-09-21 21:27:47.654007+02	main
434447464888795136	image-main_1717591345958-628	2024-06-05 14:42:25.964049+02	main
434447464888795136	image-main_1717591823007-922	2024-06-05 14:50:23.01233+02	main
434447464888795136	image-main_1717594170243-374	2024-06-05 15:29:30.267438+02	main
434447464888795136	image-main_1734633542139-690	2024-12-19 19:39:02.150129+01	main
\.


--
-- Data for Name: users; Type: TABLE DATA; Schema: public; Owner: postgres
--

COPY public.users (id, flags) FROM stdin;
434447464888795136	admin
761303477640495105	none
852616253420077088	admin
\.


--
-- Name: users id; Type: CONSTRAINT; Schema: public; Owner: postgres
--

ALTER TABLE ONLY public.users
    ADD CONSTRAINT id UNIQUE (id);


--
-- Name: boards unq_boards; Type: CONSTRAINT; Schema: public; Owner: postgres
--

ALTER TABLE ONLY public.boards
    ADD CONSTRAINT unq_boards UNIQUE (board_id);


--
-- PostgreSQL database dump complete
--

